participant_id,date,prompt_id,schedule_index,trigger,is_event_enriched,prompt_time,prompt_time_min,window_index,episode_id,interval_id,journey_id,event_id,minutes_after_event,status,response_time,latency_min,expired,device_wear,context_note,note_source,ctx_activity,ctx_domain,ctx_place_type,ctx_social_context,ctx_indoor_outdoor,preceding_activity,preceding_journey_mode,minutes_since_journey_end,minutes_since_active_episode_end,minutes_to_next_commitment,minutes_since_wake,recent_exertion_60min,valence,energy,stress
demo-p01,2026-05-04,ema-20260504-01-01f521b486,0,post_trip,True,08:38,518.0,1,ep-005,iv-006,jn-office-am,evt-trip-jn-office-am,18.0,answered,08:40,2.57,False,worn,,,sitting,work,workplace,with_colleagues,indoor,walking,bus,18.0,,0.0,98.0,0.0932,3,1,4
demo-p01,2026-05-04,ema-20260504-02-c444e9fd5c,1,semi_random,False,11:12,672.0,2,ep-007,iv-008,,,,answered,11:13,1.37,False,worn,"Feeling pressured right now after the bus trip, at work.",offline_template,sitting,work,workplace,with_colleagues,indoor,standing,bus,172.0,,258.0,252.0,0.065,3,2,4
demo-p01,2026-05-04,ema-20260504-03-985d9684b8,2,semi_random,False,13:42,822.0,4,ep-010,iv-011,,,,answered,13:42,0.7,False,worn,"Feeling quite upbeat after the exercise session, at work.",offline_template,sitting,work,workplace,with_colleagues,indoor,walking,bus,,40.0,108.0,402.0,0.107,4,2,2
demo-p01,2026-05-04,ema-20260504-04-6518c916fb,3,post_trip,True,16:35,995.0,5,ep-013,iv-014,jn-office-pm,evt-trip-jn-office-pm,5.0,answered,16:39,4.08,False,worn,Feeling fairly neutral after the bus trip.,offline_template,walking,shopping,shop,alone,indoor,public_transport,bus,5.0,,,575.0,0.0749,3,3,3
demo-p01,2026-05-04,ema-20260504-05-af43dcb873,4,semi_random,False,20:40,1240.0,7,ep-017,iv-018,,,,answered,20:40,0.11,False,worn,Feeling stressed right now while sitting.,offline_template,sitting,leisure,home,alone,indoor,sitting,bus,,,,820.0,0.05,1,2,4
demo-p01,2026-05-05,ema-20260505-01-680d3f2023,0,post_trip,True,08:35,515.0,1,ep-005,iv-006,jn-office-am,evt-trip-jn-office-am,15.0,missed,,,False,worn,,,sitting,work,workplace,with_colleagues,indoor,walking,bus,15.0,5.0,0.0,95.0,0.1192,,,
demo-p01,2026-05-05,ema-20260505-02-ed2618f3b8,1,semi_random,False,11:00,660.0,2,ep-007,iv-008,,,,answered,11:02,2.05,False,worn,,,sitting,work,workplace,with_colleagues,indoor,standing,bus,160.0,150.0,270.0,240.0,0.0756,3,4,1
demo-p01,2026-05-05,ema-20260505-03-b29368712d,2,semi_random,False,13:39,819.0,4,ep-010,iv-011,,,,answered,13:44,5.13,False,worn,,,sitting,work,workplace,with_colleagues,indoor,walking,bus,,40.0,111.0,399.0,0.0972,3,3,2
demo-p01,2026-05-05,ema-20260505-04-eadfef6188,3,post_trip,True,16:35,995.0,5,ep-013,iv-014,jn-office-pm,evt-trip-jn-office-pm,5.0,answered,16:37,2.91,False,worn,"Feeling okay right now after the bus trip, at the shop.",offline_template,walking,shopping,shop,alone,indoor,public_transport,bus,5.0,,,575.0,0.0758,3,3,3
demo-p01,2026-05-05,ema-20260505-05-a6204f30ac,4,semi_random,False,20:43,1243.0,7,ep-017,iv-018,,,,answered,20:43,0.55,False,worn,,,sitting,leisure,home,with_colleagues,indoor,sitting,bus,,,,823.0,0.05,4,2,1
demo-p01,2026-05-06,ema-20260506-01-d4c7ba4a45,0,post_trip,True,08:35,515.0,1,ep-005,iv-006,jn-office-am,evt-trip-jn-office-am,15.0,answered,08:36,1.05,False,worn,,,sitting,work,workplace,with_colleagues,indoor,walking,bus,15.0,5.0,0.0,95.0,0.1176,4,2,2
demo-p01,2026-05-06,ema-20260506-02-e32a50d3c6,1,semi_random,False,13:39,819.0,4,ep-010,iv-011,,,,answered,13:39,0.25,False,worn,,,sitting,work,workplace,alone,indoor,walking,bus,,34.0,111.0,399.0,0.0963,3,3,2
demo-p01,2026-05-06,ema-20260506-03-d202177a37,2,post_trip,True,16:30,990.0,5,ep-012,iv-013,jn-office-pm,evt-trip-jn-office-pm,0.0,answered,16:30,0.36,False,worn,"Feeling quite upbeat, energy is low.",offline_template,public_transport,transport,vehicle,with_friends,indoor,sitting,bus,0.0,,,570.0,0.05,4,2,2
demo-p01,2026-05-06,ema-20260506-04-b051dd8fd1,3,semi_random,False,18:30,1110.0,6,ep-015,iv-016,,,,answered,18:31,1.52,False,worn,,,sitting,social,home,with_friends,indoor,standing,bus,120.0,84.0,,690.0,0.1446,4,2,2
demo-p01,2026-05-06,ema-20260506-05-07deab24c2,4,semi_random,False,20:50,1250.0,7,ep-017,iv-018,,,,answered,20:50,0.38,False,worn,"Feeling relaxed, energy is steady.",offline_template,sitting,leisure,home,alone,indoor,sitting,bus,,,,830.0,0.05,3,3,1
demo-p01,2026-05-07,ema-20260507-01-4d1e87009f,0,post_trip,True,08:20,500.0,1,ep-003,iv-004,jn-office-am,evt-trip-jn-office-am,0.0,answered,08:21,1.13,False,worn,,,public_transport,transport,vehicle,with_strangers,indoor,sitting,bus,0.0,,0.0,80.0,0.0856,4,2,5
demo-p01,2026-05-07,ema-20260507-02-642597f96c,1,semi_random,False,10:59,659.0,2,ep-007,iv-008,,,,answered,10:59,0.47,False,worn,"Feeling pressured, energy is steady.",offline_template,sitting,work,workplace,with_friends,indoor,standing,bus,159.0,,271.0,239.0,0.0734,4,3,4
demo-p01,2026-05-07,ema-20260507-03-302f91f1bd,2,semi_random,False,13:51,831.0,4,ep-010,iv-011,,,,answered,13:53,2.12,False,worn,,,sitting,work,workplace,with_colleagues,indoor,walking,bus,,40.0,99.0,411.0,0.1077,4,2,1
demo-p01,2026-05-07,ema-20260507-04-ef2f079a61,3,post_trip,True,16:35,995.0,5,ep-013,iv-014,jn-office-pm,evt-trip-jn-office-pm,5.0,answered,16:35,0.28,False,worn,"Not in a great mood after the bus trip, at the shop.",offline_template,walking,shopping,shop,alone,indoor,public_transport,bus,5.0,,,575.0,0.0767,2,3,1
demo-p01,2026-05-07,ema-20260507-05-eb7ea0acf7,4,semi_random,False,20:51,1251.0,7,ep-017,iv-018,,,,answered,20:51,0.15,False,worn,"In a good mood right now while sitting, at home.",offline_template,sitting,leisure,home,with_friends,indoor,sitting,bus,,,,831.0,0.05,4,3,2
demo-p01,2026-05-08,ema-20260508-01-32eb1710c8,0,post_trip,True,08:38,518.0,1,ep-005,iv-006,jn-office-am,evt-trip-jn-office-am,18.0,missed,,,False,worn,,,sitting,work,workplace,with_colleagues,indoor,walking,bus,18.0,,0.0,98.0,0.1169,,,
demo-p01,2026-05-08,ema-20260508-02-4e20ce3988,1,semi_random,False,11:04,664.0,2,ep-007,iv-008,,,,answered,11:04,0.69,False,worn,Feeling quite upbeat after the bus trip.,offline_template,sitting,work,workplace,with_colleagues,indoor,standing,bus,164.0,,266.0,244.0,0.0625,4,3,3
demo-p01,2026-05-08,ema-20260508-03-5b16c0f10d,2,semi_random,False,13:39,819.0,4,ep-010,iv-011,,,,answered,13:41,2.07,False,worn,,,sitting,work,workplace,with_friends,indoor,walking,bus,,40.0,111.0,399.0,0.1038,5,3,3
demo-p01,2026-05-08,ema-20260508-04-8888ccf79f,3,post_trip,True,16:38,998.0,5,ep-013,iv-014,jn-office-pm,evt-trip-jn-office-pm,8.0,answered,16:38,0.12,False,worn,,,walking,shopping,shop,alone,indoor,public_transport,bus,8.0,,,578.0,0.077,2,2,2
demo-p01,2026-05-08,ema-20260508-05-befbc9b7ac,4,semi_random,False,19:02,1142.0,6,ep-016,iv-017,,,,expired,19:24,22.75,True,worn,,,sitting,leisure,home,with_partner,indoor,sitting,bus,152.0,119.0,,722.0,0.086,4,2,4
demo-p01,2026-05-09,ema-20260509-01-04e61f8499,0,post_trip,True,08:38,518.0,1,ep-005,iv-006,jn-office-am,evt-trip-jn-office-am,18.0,answered,08:38,0.78,False,worn,"Feeling wound up, energy is low.",offline_template,sitting,work,workplace,with_colleagues,indoor,walking,bus,18.0,5.0,0.0,98.0,0.1198,4,1,5
demo-p01,2026-05-09,ema-20260509-02-467ad15193,1,semi_random,False,11:15,675.0,2,ep-007,iv-008,,,,answered,11:15,0.3,False,worn,"Feeling fairly neutral after the bus trip, at work.",offline_template,sitting,work,workplace,alone,indoor,standing,bus,175.0,162.0,255.0,255.0,0.0675,3,3,3
demo-p01,2026-05-09,ema-20260509-03-409a92c00c,2,semi_random,False,13:46,826.0,4,ep-010,iv-011,,,,answered,13:46,0.36,False,worn,In a good mood right now after the exercise session.,offline_template,sitting,work,workplace,with_colleagues,indoor,walking,bus,,41.0,104.0,406.0,0.1069,5,2,3
demo-p01,2026-05-09,ema-20260509-04-c5f8ef9658,3,post_trip,True,16:35,995.0,5,ep-013,iv-014,jn-office-pm,evt-trip-jn-office-pm,5.0,missed,,,False,worn,,,walking,shopping,shop,alone,indoor,public_transport,bus,5.0,,,575.0,0.0767,,,
demo-p01,2026-05-09,ema-20260509-05-cb886b3481,4,semi_random,False,19:00,1140.0,6,ep-016,iv-017,,,,answered,19:00,0.34,False,worn,"Feeling positive right now after the bus trip, at home.",offline_template,sitting,leisure,home,with_colleagues,indoor,sitting,bus,150.0,126.0,,720.0,0.0892,4,2,3
demo-p01,2026-05-10,ema-20260510-01-8d412076e7,0,post_trip,True,08:41,521.0,1,ep-005,iv-006,jn-office-am,evt-trip-jn-office-am,21.0,missed,,,False,worn,,,sitting,work,workplace,with_partner,indoor,walking,bus,21.0,5.0,0.0,101.0,0.1157,,,
demo-p01,2026-05-10,ema-20260510-02-9f3f17f836,1,semi_random,False,13:38,818.0,4,ep-010,iv-011,,,,answered,13:39,1.04,False,worn,,,sitting,work,workplace,with_colleagues,indoor,walking,bus,,27.0,112.0,398.0,0.1228,3,2,4
demo-p01,2026-05-10,ema-20260510-03-1078b27d48,2,post_trip,True,16:38,998.0,5,ep-013,iv-014,jn-office-pm,evt-trip-jn-office-pm,8.0,answered,16:39,1.03,False,worn,Feeling stressed right now after the bus trip.,offline_template,walking,shopping,shop,alone,indoor,public_transport,bus,8.0,,,578.0,0.0764,3,2,4
demo-p01,2026-05-10,ema-20260510-04-96805ff814,3,semi_random,False,19:14,1154.0,6,ep-016,iv-017,,,,answered,19:18,4.01,False,worn,Running low on energy right now after the bus trip.,offline_template,sitting,leisure,home,with_partner,indoor,sitting,bus,164.0,131.0,,734.0,0.077,3,2,3
demo-p01,2026-05-10,ema-20260510-05-01b95e3973,4,semi_random,False,20:46,1246.0,7,ep-017,iv-018,,,,answered,20:46,0.49,False,worn,Feeling stressed while sitting.,offline_template,sitting,leisure,home,alone,indoor,sitting,bus,,,,826.0,0.05,4,3,4
demo-p02,2026-05-04,ema-20260504-01-4c6d02799e,0,post_trip,True,08:26,506.0,1,ep-004,iv-005,jn-bike-am,evt-trip-jn-bike-am,11.0,missed,,,False,worn,,,sitting,work,workplace,with_colleagues,indoor,cycling,bike,11.0,,0.0,86.0,0.3937,,,
demo-p02,2026-05-04,ema-20260504-02-b65a8eaecb,1,semi_random,False,11:55,715.0,3,ep-006,iv-007,,,,answered,11:55,0.98,False,worn,"Feeling stressed, energy is steady.",offline_template,sitting,work,workplace,alone,indoor,walking,bike,,82.0,0.0,295.0,0.0616,4,3,4
demo-p02,2026-05-04,ema-20260504-03-c934b47625,2,semi_random,False,13:40,820.0,4,ep-008,iv-009,,,,answered,13:40,0.11,False,worn,,,sitting,work,workplace,with_colleagues,indoor,sitting,bike,,,0.0,400.0,0.05,3,3,4
demo-p02,2026-05-04,ema-20260504-04-846656f70e,3,post_active_episode,True,17:17,1037.0,5,ep-011,iv-012,,evt-active-ep-010,8.0,answered,17:22,5.44,False,worn,Feeling pressured right now after the bike ride.,offline_template,standing,self_care,home,alone,indoor,running,bike,62.0,8.0,,617.0,0.755,4,2,4
demo-p02,2026-05-04,ema-20260504-05-e8778e55a8,4,semi_random,False,20:59,1259.0,7,ep-014,iv-015,,,,answered,20:59,0.21,False,worn,"Feeling positive, feeling okay overall.",offline_template,sitting,leisure,home,alone,indoor,sitting,bike,,,,839.0,0.05,4,3,3
demo-p02,2026-05-05,ema-20260505-01-854e7632be,0,post_trip,True,08:23,503.0,1,ep-004,iv-005,jn-bike-am,evt-trip-jn-bike-am,8.0,answered,08:24,1.92,False,worn,,,sitting,work,workplace,with_colleagues,indoor,cycling,bike,8.0,,0.0,83.0,0.382,4,2,4
demo-p02,2026-05-05,ema-20260505-02-39af2027bc,1,semi_random,False,11:03,663.0,2,ep-006,iv-007,,,,answered,11:03,0.76,False,worn,Feeling wound up after the bike ride.,offline_template,sitting,work,workplace,alone,indoor,walking,bike,168.0,33.0,0.0,243.0,0.0917,3,2,4
demo-p02,2026-05-05,ema-20260505-03-d02af6d707,2,semi_random,False,13:52,832.0,4,ep-008,iv-009,,,,answered,13:52,0.59,False,worn,"In a good mood right now while sitting, at work.",offline_template,sitting,work,workplace,with_colleagues,indoor,sitting,bike,,,0.0,412.0,0.05,4,2,3
demo-p02,2026-05-05,ema-20260505-04-93737eacce,3,post_active_episode,True,17:26,1046.0,6,ep-011,iv-012,,evt-active-ep-010,5.0,answered,17:32,6.4,False,worn,,,standing,self_care,home,alone,indoor,running,bike,71.0,5.0,,626.0,0.76,4,2,3
demo-p02,2026-05-05,ema-20260505-05-f0c551b849,4,semi_random,False,21:01,1261.0,7,ep-014,iv-015,,,,answered,21:04,3.63,False,worn,Feeling stressed right now while sitting.,offline_template,sitting,leisure,home,with_partner,indoor,sitting,bike,,,,841.0,0.05,4,3,4
demo-p02,2026-05-06,ema-20260506-01-dcab5e5a80,0,post_trip,True,08:26,506.0,1,ep-004,iv-005,jn-bike-am,evt-trip-jn-bike-am,11.0,answered,08:26,0.12,False,worn,,,sitting,work,workplace,with_colleagues,indoor,cycling,bike,11.0,,0.0,86.0,0.3883,5,1,4
demo-p02,2026-05-06,ema-20260506-02-70719eb249,1,semi_random,False,10:59,659.0,2,ep-006,iv-007,,,,answered,10:59,0.14,False,worn,,,sitting,work,workplace,with_friends,indoor,walking,bike,164.0,23.0,0.0,239.0,0.0988,4,1,4
demo-p02,2026-05-06,ema-20260506-03-49d216f4a6,2,semi_random,False,13:47,827.0,4,ep-008,iv-009,,,,answered,13:47,0.55,False,worn,Feeling stressed right now while sitting.,offline_template,sitting,work,workplace,with_colleagues,indoor,sitting,bike,,,0.0,407.0,0.05,4,1,5
demo-p02,2026-05-06,ema-20260506-04-ddadeb59f7,3,post_active_episode,True,17:17,1037.0,5,ep-011,iv-012,,evt-active-ep-010,5.0,answered,17:17,0.7,False,worn,,,standing,self_care,home,alone,indoor,running,bike,62.0,5.0,,617.0,0.7614,5,2,3
demo-p02,2026-05-06,ema-20260506-05-cc6bb8fbb5,4,semi_random,False,21:04,1264.0,7,ep-014,iv-015,,,,answered,21:05,1.13,False,worn,"Feeling drained, feeling drained.",offline_template,sitting,leisure,home,alone,indoor,sitting,bike,,,,844.0,0.05,3,2,2
demo-p02,2026-05-07,ema-20260507-01-e792e64747,0,post_trip,True,08:23,503.0,1,ep-004,iv-005,jn-bike-am,evt-trip-jn-bike-am,8.0,answered,08:24,1.24,False,worn,"Not in a great mood right now after the bike ride, at work.",offline_template,sitting,work,workplace,with_colleagues,indoor,cycling,bike,8.0,,0.0,83.0,0.3395,2,1,3
demo-p02,2026-05-07,ema-20260507-02-aa1e1c0ab2,1,semi_random,False,11:57,717.0,3,ep-006,iv-007,,,,answered,11:57,0.36,False,worn,,,sitting,work,workplace,alone,indoor,walking,bike,,87.0,0.0,297.0,0.0542,3,2,3
demo-p02,2026-05-07,ema-20260507-03-d7740775a8,2,semi_random,False,13:38,818.0,4,ep-008,iv-009,,,,answered,13:40,2.09,False,worn,,,sitting,work,workplace,with_colleagues,indoor,sitting,bike,,,0.0,398.0,0.05,3,1,4
demo-p02,2026-05-07,ema-20260507-04-0989f7281e,3,post_active_episode,True,17:23,1043.0,6,ep-011,iv-012,,evt-active-ep-010,8.0,answered,17:26,3.26,False,worn,,,standing,self_care,home,with_colleagues,indoor,running,bike,68.0,8.0,,623.0,0.7596,2,1,2
demo-p02,2026-05-07,ema-20260507-05-93d9ef6518,4,semi_random,False,20:53,1253.0,7,ep-014,iv-015,,,,answered,20:53,0.8,False,worn,"Feeling a bit low right now while sitting, at home.",offline_template,sitting,leisure,home,alone,indoor,sitting,bike,,,,833.0,0.05,1,1,1
demo-p02,2026-05-08,ema-20260508-01-0dc2413cf2,0,post_trip,True,08:23,503.0,1,ep-004,iv-005,jn-bike-am,evt-trip-jn-bike-am,8.0,answered,08:25,2.5,False,worn,,,sitting,work,workplace,with_colleagues,indoor,cycling,bike,8.0,,0.0,83.0,0.382,4,2,2
demo-p02,2026-05-08,ema-20260508-02-9c7b3aaad7,1,semi_random,False,11:46,706.0,3,ep-006,iv-007,,,,answered,11:48,2.91,False,worn,,,sitting,work,workplace,alone,indoor,walking,bike,,70.0,0.0,286.0,0.075,4,2,3
demo-p02,2026-05-08,ema-20260508-03-38c93d8c51,2,semi_random,False,13:47,827.0,4,ep-008,iv-009,,,,answered,13:47,0.36,False,worn,,,sitting,work,workplace,with_partner,indoor,sitting,bike,,,0.0,407.0,0.05,5,1,3
demo-p02,2026-05-08,ema-20260508-04-ce1f440897,3,post_active_episode,True,17:23,1043.0,6,ep-011,iv-012,,evt-active-ep-010,5.0,missed,,,False,worn,,,standing,self_care,home,alone,indoor,running,bike,68.0,5.0,,623.0,0.7641,,,
demo-p02,2026-05-08,ema-20260508-05-6325d79dfc,4,semi_random,False,20:55,1255.0,7,ep-014,iv-015,,,,answered,21:01,6.24,False,worn,Feeling drained right now while sitting.,offline_template,sitting,leisure,home,alone,indoor,sitting,bike,,,,835.0,0.05,3,2,1
demo-p02,2026-05-09,ema-20260509-01-cd9213ecac,0,post_trip,True,08:20,500.0,1,ep-004,iv-005,jn-bike-am,evt-trip-jn-bike-am,5.0,answered,08:22,2.19,False,worn,,,sitting,work,workplace,alone,indoor,cycling,bike,5.0,,0.0,80.0,0.3553,4,1,3
demo-p02,2026-05-09,ema-20260509-02-93c1284b4e,1,semi_random,False,11:54,714.0,3,ep-006,iv-007,,,,answered,12:03,9.37,False,worn,,,sitting,work,workplace,alone,indoor,walking,bike,,,0.0,294.0,0.05,4,2,5
demo-p02,2026-05-09,ema-20260509-03-114cf692f3,2,semi_random,False,13:48,828.0,4,ep-008,iv-009,,,,answered,13:51,3.66,False,worn,"Feeling pressured, feeling okay overall.",offline_template,sitting,work,workplace,with_colleagues,indoor,sitting,bike,,,0.0,408.0,0.05,4,3,4
demo-p02,2026-05-09,ema-20260509-04-e537d6e7b0,3,post_active_episode,True,17:20,1040.0,5,ep-011,iv-012,,evt-active-ep-010,5.0,answered,17:23,3.96,False,worn,,,standing,self_care,home,alone,indoor,running,bike,65.0,5.0,,620.0,0.76,4,3,2
demo-p02,2026-05-09,ema-20260509-05-a5f862e500,4,semi_random,False,21:07,1267.0,7,ep-014,iv-015,,,,answered,21:09,2.16,False,worn,,,sitting,leisure,home,alone,indoor,sitting,bike,,,,847.0,0.05,5,3,1
demo-p02,2026-05-10,ema-20260510-01-0ff9e31788,0,post_trip,True,08:23,503.0,1,ep-004,iv-005,jn-bike-am,evt-trip-jn-bike-am,8.0,answered,08:23,0.92,False,worn,"Feeling wound up after the bike ride, at work.",offline_template,sitting,work,workplace,alone,indoor,cycling,bike,8.0,,0.0,83.0,0.3981,3,1,4
demo-p02,2026-05-10,ema-20260510-02-ca29a1bb7e,1,semi_random,False,11:54,714.0,3,ep-006,iv-007,,,,answered,11:54,0.52,False,worn,"Feeling wound up right now after the exercise session, at work.",offline_template,sitting,work,workplace,alone,indoor,walking,bike,,81.0,0.0,294.0,0.0632,4,2,4
demo-p02,2026-05-10,ema-20260510-03-44cdde96e9,2,semi_random,False,13:43,823.0,4,ep-008,iv-009,,,,expired,13:57,14.86,True,worn,,,sitting,work,workplace,with_colleagues,indoor,sitting,bike,,,0.0,403.0,0.05,4,2,5
demo-p02,2026-05-10,ema-20260510-04-e40b806181,3,post_active_episode,True,17:17,1037.0,5,ep-011,iv-012,,evt-active-ep-010,5.0,answered,17:17,0.36,False,worn,,,standing,self_care,home,alone,indoor,running,bike,62.0,5.0,,617.0,0.7614,5,2,3
demo-p02,2026-05-10,ema-20260510-05-6fdd4ef89d,4,semi_random,False,20:57,1257.0,7,ep-014,iv-015,,,,answered,20:57,0.13,False,worn,"In a good mood, feeling drained.",offline_template,sitting,leisure,home,alone,indoor,sitting,bike,,,,837.0,0.05,4,2,3
demo-p03,2026-05-04,ema-20260504-01-a501d70b4d,0,post_trip,True,08:48,528.0,1,ep-006,iv-007,jn-train-am,evt-trip-jn-train-am,8.0,answered,08:51,3.67,False,worn,"Feeling pressured, energy is low.",offline_template,sitting,work,workplace,with_colleagues,indoor,walking,train,8.0,8.0,0.0,123.0,0.1488,1,2,4
demo-p03,2026-05-04,ema-20260504-02-4ef90e1e87,1,semi_random,False,11:39,699.0,2,ep-006,iv-007,,,,answered,11:44,5.9,False,worn,Feeling pressured right now after the train trip.,offline_template,sitting,work,workplace,with_colleagues,indoor,walking,train,179.0,179.0,0.0,294.0,0.05,2,3,4
demo-p03,2026-05-04,ema-20260504-03-9ba8362f8b,2,semi_random,False,14:21,861.0,4,ep-008,iv-009,,,,answered,14:21,0.89,False,worn,"Feeling stressed while sitting, at work.",offline_template,sitting,work,workplace,with_colleagues,indoor,sitting,train,,,0.0,456.0,0.05,2,2,4
demo-p03,2026-05-04,ema-20260504-04-e6d6a91e45,3,post_trip,True,17:15,1035.0,5,ep-011,iv-012,jn-train-pm,evt-trip-jn-train-pm,5.0,missed,,,False,worn,,,walking,shopping,shop,alone,indoor,public_transport,train,5.0,44.0,,630.0,0.1117,,,
demo-p03,2026-05-04,ema-20260504-05-99c89a73b9,4,semi_random,False,20:43,1243.0,7,ep-014,iv-015,,,,answered,20:43,0.17,False,worn,,,sitting,leisure,home,alone,indoor,sitting,train,,,,838.0,0.05,1,2,2
demo-p03,2026-05-05,ema-20260505-01-1d3aef3bd4,0,post_trip,True,08:45,525.0,1,ep-006,iv-007,jn-train-am,evt-trip-jn-train-am,5.0,answered,08:45,0.11,False,worn,,,sitting,work,workplace,with_partner,indoor,walking,train,5.0,5.0,0.0,120.0,0.1455,3,1,4
demo-p03,2026-05-05,ema-20260505-02-894e6a3235,1,semi_random,False,11:40,700.0,2,ep-006,iv-007,,,,answered,11:40,0.14,False,worn,,,sitting,work,workplace,with_partner,indoor,walking,train,180.0,180.0,0.0,295.0,0.05,3,1,5
demo-p03,2026-05-05,ema-20260505-03-97bc6ada35,2,semi_random,False,14:29,869.0,4,ep-008,iv-009,,,,answered,14:33,4.79,False,worn,Feeling stressed right now while sitting.,offline_template,sitting,work,workplace,with_friends,indoor,sitting,train,,,0.0,464.0,0.05,3,2,5
demo-p03,2026-05-05,ema-20260505-04-34677d2dee,3,post_trip,True,17:21,1041.0,5,ep-011,iv-012,jn-train-pm,evt-trip-jn-train-pm,11.0,answered,17:21,0.14,False,worn,,,walking,shopping,shop,with_friends,indoor,public_transport,train,11.0,53.0,,636.0,0.1131,4,3,5
demo-p03,2026-05-05,ema-20260505-05-a486a5d658,4,semi_random,False,20:59,1259.0,7,ep-014,iv-015,,,,answered,21:00,1.68,False,worn,,,sitting,leisure,home,alone,indoor,sitting,train,,,,854.0,0.05,5,3,2
demo-p03,2026-05-06,ema-20260506-01-edea537ba2,0,post_trip,True,08:45,525.0,1,ep-006,iv-007,jn-train-am,evt-trip-jn-train-am,5.0,answered,08:47,2.81,False,worn,"Feeling stressed after the train trip, at work.",offline_template,sitting,work,workplace,with_colleagues,indoor,walking,train,5.0,5.0,0.0,120.0,0.1379,1,1,4
demo-p03,2026-05-06,ema-20260506-02-d81776071b,1,semi_random,False,11:15,675.0,2,ep-006,iv-007,,,,missed,,,False,worn,,,sitting,work,workplace,with_colleagues,indoor,walking,train,155.0,155.0,0.0,270.0,0.05,,,
demo-p03,2026-05-06,ema-20260506-03-d444973733,2,semi_random,False,13:51,831.0,4,ep-008,iv-009,,,,answered,13:52,1.92,False,worn,"Feeling positive, energy is steady.",offline_template,sitting,work,workplace,with_colleagues,indoor,sitting,train,,,0.0,426.0,0.05,4,3,3
demo-p03,2026-05-06,ema-20260506-04-5f0c00e873,3,post_trip,True,17:18,1038.0,5,ep-011,iv-012,jn-train-pm,evt-trip-jn-train-pm,8.0,answered,17:18,0.6,False,worn,"Feeling a bit low right now after the train trip, at the shop.",offline_template,walking,shopping,shop,alone,indoor,public_transport,train,8.0,53.0,,633.0,0.1196,2,3,3
demo-p03,2026-05-06,ema-20260506-05-cf7b2f0c2e,4,semi_random,False,20:46,1246.0,7,ep-014,iv-015,,,,answered,20:46,0.98,False,worn,"Feeling a bit low right now while sitting, at home.",offline_template,sitting,leisure,home,with_partner,indoor,sitting,train,,,,841.0,0.05,2,1,1
demo-p03,2026-05-07,ema-20260507-01-c387e4c967,0,post_trip,True,08:45,525.0,1,ep-006,iv-007,jn-train-am,evt-trip-jn-train-am,5.0,answered,08:49,4.42,False,worn,"Feeling pressured right now after the train trip, at work.",offline_template,sitting,work,workplace,with_colleagues,indoor,walking,train,5.0,,0.0,120.0,0.1114,4,3,4
demo-p03,2026-05-07,ema-20260507-02-de11f9d73d,1,semi_random,False,11:22,682.0,2,ep-006,iv-007,,,,answered,11:22,0.33,False,worn,,,sitting,work,workplace,with_colleagues,indoor,walking,train,162.0,,0.0,277.0,0.05,3,3,2
demo-p03,2026-05-07,ema-20260507-03-7e4648b5d0,2,semi_random,False,13:45,825.0,4,ep-008,iv-009,,,,answered,13:45,0.24,False,worn,"Not in a great mood, still feeling fresh.",offline_template,sitting,work,workplace,with_colleagues,indoor,sitting,train,,,0.0,420.0,0.05,2,4,2
demo-p03,2026-05-07,ema-20260507-04-b8e9f9c7b2,3,post_trip,True,17:18,1038.0,5,ep-011,iv-012,jn-train-pm,evt-trip-jn-train-pm,8.0,answered,17:18,0.12,False,worn,Feeling calm after the train trip.,offline_template,walking,shopping,shop,with_friends,indoor,public_transport,train,8.0,53.0,,633.0,0.1074,3,3,1
demo-p03,2026-05-07,ema-20260507-05-a6c671108c,4,semi_random,False,20:50,1250.0,7,ep-014,iv-015,,,,answered,20:53,3.16,False,worn,"Feeling calm, energy is steady.",offline_template,sitting,leisure,home,alone,indoor,sitting,train,,,,845.0,0.05,3,3,1
demo-p03,2026-05-08,ema-20260508-01-d96021b2b7,0,post_trip,True,08:45,525.0,1,ep-006,iv-007,jn-train-am,evt-trip-jn-train-am,5.0,answered,08:48,3.33,False,worn,Feeling wound up right now after the train trip.,offline_template,sitting,work,workplace,with_partner,indoor,walking,train,5.0,77.0,0.0,120.0,0.1262,4,2,4
demo-p03,2026-05-08,ema-20260508-02-152b476098,1,semi_random,False,11:33,693.0,2,ep-006,iv-007,,,,answered,11:33,0.1,False,worn,,,sitting,work,workplace,with_partner,indoor,walking,train,173.0,,0.0,288.0,0.05,2,5,5
demo-p03,2026-05-08,ema-20260508-03-0d5b3be378,2,semi_random,False,14:15,855.0,4,ep-008,iv-009,,,,answered,14:16,1.23,False,worn,,,sitting,work,workplace,with_colleagues,indoor,sitting,train,,,0.0,450.0,0.05,3,4,5
demo-p03,2026-05-08,ema-20260508-04-aead2bb8a2,3,post_trip,True,17:12,1032.0,5,ep-011,iv-012,jn-train-pm,evt-trip-jn-train-pm,2.0,answered,17:12,0.1,False,worn,,,walking,shopping,shop,alone,indoor,public_transport,train,2.0,47.0,,627.0,0.112,3,4,3
demo-p03,2026-05-08,ema-20260508-05-6ab2210225,4,semi_random,False,20:43,1243.0,7,ep-014,iv-015,,,,answered,20:43,0.85,False,worn,,,sitting,leisure,home,alone,indoor,sitting,train,,,,838.0,0.05,3,4,3
demo-p03,2026-05-09,ema-20260509-01-731a8fb249,0,post_trip,True,08:51,531.0,1,ep-006,iv-007,jn-train-am,evt-trip-jn-train-am,11.0,answered,08:53,2.24,False,worn,"Feeling pressured, feeling drained.",offline_template,sitting,work,workplace,with_colleagues,indoor,walking,train,11.0,11.0,0.0,126.0,0.1175,4,2,5
demo-p03,2026-05-09,ema-20260509-02-decdefbf82,1,semi_random,False,11:21,681.0,2,ep-006,iv-007,,,,expired,11:34,13.51,True,worn,,,sitting,work,workplace,with_colleagues,indoor,walking,train,161.0,161.0,0.0,276.0,0.05,4,3,5
demo-p03,2026-05-09,ema-20260509-03-8fc84241f9,2,semi_random,False,13:52,832.0,4,ep-008,iv-009,,,,answered,13:53,1.31,False,worn,"Feeling wound up while sitting, at work.",offline_template,sitting,work,workplace,with_friends,indoor,sitting,train,,,0.0,427.0,0.05,4,3,5
demo-p03,2026-05-09,ema-20260509-04-fb6ce2a1a4,3,post_trip,True,17:15,1035.0,5,ep-011,iv-012,jn-train-pm,evt-trip-jn-train-pm,5.0,answered,17:16,1.37,False,worn,"Feeling wound up right now after the train trip, at the shop.",offline_template,walking,shopping,shop,with_partner,indoor,public_transport,train,5.0,47.0,,630.0,0.11,3,2,4
demo-p03,2026-05-09,ema-20260509-05-560a1eb7bd,4,semi_random,False,21:05,1265.0,7,ep-015,iv-016,,,,answered,21:05,0.38,False,worn,"Feeling wound up, energy is steady.",offline_template,sitting,social,home,alone,indoor,sitting,train,,,,860.0,0.05,5,3,4
demo-p03,2026-05-10,ema-20260510-01-f6f7353b67,0,post_trip,True,08:48,528.0,1,ep-006,iv-007,jn-train-am,evt-trip-jn-train-am,8.0,answered,08:50,2.48,False,worn,Feeling pressured right now after the train trip.,offline_template,sitting,work,workplace,with_friends,indoor,walking,train,8.0,5.0,0.0,123.0,0.131,3,3,4
demo-p03,2026-05-10,ema-20260510-02-4145ff0c68,1,semi_random,False,11:13,673.0,2,ep-006,iv-007,,,,answered,11:14,1.51,False,worn,"Feeling quite upbeat after the train trip, at work.",offline_template,sitting,work,workplace,with_friends,indoor,walking,train,153.0,150.0,0.0,268.0,0.05,4,3,2
demo-p03,2026-05-10,ema-20260510-03-4d9ce2533a,2,semi_random,False,13:44,824.0,4,ep-008,iv-009,,,,answered,13:44,0.43,False,worn,,,sitting,work,workplace,with_partner,indoor,sitting,train,,,0.0,419.0,0.05,3,3,3
demo-p03,2026-05-10,ema-20260510-04-21d1307b61,3,post_trip,True,17:18,1038.0,5,ep-011,iv-012,jn-train-pm,evt-trip-jn-train-pm,8.0,answered,17:18,0.66,False,worn,Feeling drained right now after the train trip.,offline_template,walking,shopping,shop,alone,indoor,public_transport,train,8.0,47.0,,633.0,0.11,2,3,3
demo-p03,2026-05-10,ema-20260510-05-a2cf1148d8,4,semi_random,False,20:45,1245.0,7,ep-014,iv-015,,,,answered,20:45,0.43,False,worn,"Feeling stressed, energy is steady.",offline_template,sitting,leisure,home,alone,indoor,sitting,train,,,,840.0,0.05,4,3,4
demo-p04,2026-05-04,ema-20260504-01-f81e561978,0,context_transition,True,09:55,595.0,2,ep-003,iv-004,,evt-transition-ep-003,0.0,answered,10:03,8.56,False,worn,"In a good mood, energy is low.",offline_template,standing,household,home,with_children,indoor,sitting,,,,,75.0,0.1049,5,2,3
demo-p04,2026-05-04,ema-20260504-02-1a6cb268b8,1,semi_random,False,12:54,774.0,3,ep-005,iv-006,,,,answered,12:54,0.41,False,worn,Feeling positive while sitting.,offline_template,sitting,household,home,with_family,indoor,sitting,,,,,254.0,0.0582,4,4,2
demo-p04,2026-05-04,ema-20260504-03-b592a2ab59,2,semi_random,False,15:41,941.0,5,ep-007,iv-008,,,,answered,15:42,1.73,False,worn,Feeling positive right now while sitting.,offline_template,sitting,leisure,home,alone,indoor,lying_awake,,,,,421.0,0.047,5,3,2
demo-p04,2026-05-04,ema-20260504-04-bf164fb196,3,semi_random,False,18:24,1104.0,6,ep-010,iv-011,,,,answered,18:24,0.86,False,worn,"Feeling positive after the exercise session, at home.",offline_template,sitting,social,home,with_colleagues,indoor,standing,,,84.0,,584.0,0.1813,5,3,3
demo-p04,2026-05-04,ema-20260504-05-29acf1354b,4,semi_random,False,20:56,1256.0,7,ep-011,iv-012,,,,answered,21:03,7.07,False,worn,Feeling positive while sitting.,offline_template,sitting,leisure,home,with_family,indoor,sitting,,,,,736.0,0.05,4,3,2
demo-p04,2026-05-05,ema-20260505-01-80a7843d87,0,context_transition,True,09:55,595.0,2,ep-003,iv-004,,evt-transition-ep-003,0.0,answered,09:55,0.35,False,worn,,,standing,household,home,with_children,indoor,sitting,,,,,75.0,0.1077,3,5,3
demo-p04,2026-05-05,ema-20260505-02-be99d582d7,1,semi_random,False,14:41,881.0,4,ep-007,iv-008,,,,missed,,,False,worn,,,sitting,leisure,home,with_colleagues,indoor,lying_awake,,,,,361.0,0.0272,,,
demo-p04,2026-05-05,ema-20260505-03-da51d470c1,2,semi_random,False,15:33,933.0,5,ep-007,iv-008,,,,missed,,,False,worn,,,sitting,leisure,home,with_colleagues,indoor,lying_awake,,,,,413.0,0.0459,,,
demo-p04,2026-05-05,ema-20260505-04-e579c1fa21,3,semi_random,False,18:10,1090.0,6,ep-010,iv-011,,,,answered,18:17,7.3,False,worn,Feeling wound up right now after the exercise session.,offline_template,sitting,social,home,with_family,indoor,standing,,,64.0,,570.0,0.2255,4,3,4
demo-p04,2026-05-05,ema-20260505-05-8accabfb5c,4,semi_random,False,20:57,1257.0,7,ep-011,iv-012,,,,answered,20:57,0.77,False,worn,"Feeling fairly neutral, energy is steady.",offline_template,sitting,leisure,home,with_family,indoor,sitting,,,,,737.0,0.05,3,3,3
demo-p04,2026-05-06,ema-20260506-01-d8eb5d42da,0,context_transition,True,09:55,595.0,2,ep-003,iv-004,,evt-transition-ep-003,0.0,answered,09:59,4.82,False,worn,In a good mood while standing.,offline_template,standing,household,home,with_children,indoor,sitting,,,,,75.0,0.1137,4,3,2
demo-p04,2026-05-06,ema-20260506-02-a61f401540,1,context_transition,True,12:31,751.0,3,ep-005,iv-006,,evt-transition-ep-005,0.0,answered,12:33,2.79,False,worn,,,sitting,household,home,with_colleagues,indoor,sitting,,,,,231.0,0.0949,3,5,1
demo-p04,2026-05-06,ema-20260506-03-989b2d4d7c,2,semi_random,False,16:39,999.0,5,ep-008,iv-009,,,,answered,16:39,0.47,False,worn,"Feeling quite upbeat, still feeling fresh.",offline_template,walking,leisure,outdoor_generic,with_children,outdoor,sitting,,,,,479.0,0.2409,5,4,2
demo-p04,2026-05-06,ema-20260506-04-cb38586f1e,3,semi_random,False,18:41,1121.0,6,ep-010,iv-011,,,,expired,18:54,13.32,True,worn,"In a good mood after the exercise session, at home.",offline_template,sitting,social,home,with_family,indoor,standing,,,104.0,,601.0,0.1128,4,5,1
demo-p04,2026-05-06,ema-20260506-05-7d14805539,4,semi_random,False,20:49,1249.0,7,ep-011,iv-012,,,,answered,20:49,0.37,False,worn,,,sitting,leisure,home,with_family,indoor,sitting,,,,,729.0,0.05,3,4,1
demo-p04,2026-05-07,ema-20260507-01-fea06a8200,0,context_transition,True,09:52,592.0,1,ep-003,iv-004,,evt-transition-ep-003,0.0,answered,09:56,4.18,False,worn,,,standing,household,home,with_children,indoor,sitting,,,,,72.0,0.1151,4,4,3
demo-p04,2026-05-07,ema-20260507-02-12321c7b27,1,context_transition,True,11:35,695.0,2,ep-004,iv-005,,evt-transition-ep-004,0.0,answered,11:35,0.11,False,worn,,,sitting,leisure,home,with_colleagues,indoor,standing,,,,,175.0,0.2723,4,4,4
demo-p04,2026-05-07,ema-20260507-03-1959206a87,2,semi_random,False,16:08,968.0,5,ep-008,iv-009,,,,answered,16:09,1.98,False,worn,Mood is steady after the walk.,offline_template,walking,leisure,outdoor_generic,with_children,outdoor,sitting,,,,,448.0,0.1015,3,3,3
demo-p04,2026-05-07,ema-20260507-04-8af10301a5,3,semi_random,False,18:22,1102.0,6,ep-010,iv-011,,,,answered,18:26,4.24,False,worn,"Feeling tired after the exercise session, at home.",offline_template,sitting,social,home,with_partner,indoor,standing,,,82.0,,582.0,0.1825,3,2,2
demo-p04,2026-05-07,ema-20260507-05-c1f2b6b9c1,4,semi_random,False,20:45,1245.0,7,ep-011,iv-012,,,,answered,20:46,1.18,False,worn,"Feeling quite upbeat, energy is low.",offline_template,sitting,leisure,home,with_family,indoor,sitting,,,,,725.0,0.05,4,2,3
demo-p04,2026-05-08,ema-20260508-01-fd62533d03,0,context_transition,True,09:55,595.0,2,ep-003,iv-004,,evt-transition-ep-003,0.0,answered,10:01,6.44,False,worn,In a good mood while standing.,offline_template,standing,household,home,with_children,indoor,sitting,,,,,75.0,0.1077,4,4,1
demo-p04,2026-05-08,ema-20260508-02-1c49378669,1,semi_random,False,12:44,764.0,3,ep-005,iv-006,,,,answered,12:44,0.82,False,worn,"In a good mood right now while sitting, at home.",offline_template,sitting,household,home,with_family,indoor,sitting,,,,,244.0,0.0687,5,4,1
demo-p04,2026-05-08,ema-20260508-03-d8e9344a24,2,semi_random,False,15:39,939.0,5,ep-007,iv-008,,,,answered,15:40,1.51,False,worn,"Feeling positive while sitting, at home.",offline_template,sitting,leisure,home,alone,indoor,lying_awake,,,,,419.0,0.0454,4,4,2
demo-p04,2026-05-08,ema-20260508-04-65c4809453,3,semi_random,False,18:22,1102.0,6,ep-010,iv-011,,,,answered,18:24,2.4,False,worn,,,sitting,social,home,with_colleagues,indoor,standing,,,85.0,,582.0,0.1844,4,3,2
demo-p04,2026-05-08,ema-20260508-05-d0cbf3eed5,4,semi_random,False,20:48,1248.0,7,ep-011,iv-012,,,,answered,20:48,0.44,False,worn,"Feeling positive, energy is steady.",offline_template,sitting,leisure,home,with_family,indoor,sitting,,,,,728.0,0.05,4,3,2
demo-p04,2026-05-09,ema-20260509-01-7b4bd597f0,0,context_transition,True,09:55,595.0,2,ep-003,iv-004,,evt-transition-ep-003,0.0,answered,09:55,0.91,False,worn,"Feeling quite upbeat, energy is steady.",offline_template,standing,household,home,with_children,indoor,sitting,,,,,75.0,0.102,5,3,2
demo-p04,2026-05-09,ema-20260509-02-f6d8bb69d8,1,semi_random,False,12:49,769.0,3,ep-005,iv-006,,,,answered,12:49,0.72,False,worn,,,sitting,household,home,alone,indoor,sitting,,,,,249.0,0.0613,5,2,2
demo-p04,2026-05-09,ema-20260509-03-e12dcf191c,2,semi_random,False,15:36,936.0,5,ep-007,iv-008,,,,answered,15:39,3.78,False,worn,"Feeling quite upbeat, feeling drained.",offline_template,sitting,leisure,home,alone,indoor,lying_awake,,,,,416.0,0.0447,4,2,3
demo-p04,2026-05-09,ema-20260509-04-86a6ac8038,3,semi_random,False,18:20,1100.0,6,ep-010,iv-011,,,,missed,,,False,worn,,,sitting,social,home,with_friends,indoor,standing,,,83.0,,580.0,0.1981,,,
demo-p04,2026-05-09,ema-20260509-05-8f509616f5,4,semi_random,False,20:55,1255.0,7,ep-011,iv-012,,,,answered,20:55,0.27,False,worn,"Feeling quite upbeat right now while sitting, at home.",offline_template,sitting,leisure,home,with_family,indoor,sitting,,,,,735.0,0.05,4,3,2
demo-p04,2026-05-10,ema-20260510-01-e16c833049,0,context_transition,True,10:01,601.0,2,ep-003,iv-004,,evt-transition-ep-003,0.0,answered,10:02,1.07,False,worn,"Feeling positive, feeling okay overall.",offline_template,standing,household,home,with_children,indoor,sitting,,,,,81.0,0.1119,4,3,3
demo-p04,2026-05-10,ema-20260510-02-4ffe45aa17,1,semi_random,False,12:37,757.0,3,ep-005,iv-006,,,,answered,12:37,0.61,False,worn,,,sitting,household,home,alone,indoor,sitting,,,,,237.0,0.0858,4,2,4
demo-p04,2026-05-10,ema-20260510-03-fc81ca7341,2,semi_random,False,15:35,935.0,5,ep-007,iv-008,,,,answered,15:35,0.1,False,worn,"Feeling wound up right now while sitting, at home.",offline_template,sitting,leisure,home,alone,indoor,lying_awake,,,,,415.0,0.0445,3,2,4
demo-p04,2026-05-10,ema-20260510-04-dc192bc834,3,semi_random,False,17:32,1052.0,6,ep-009,iv-010,,,,answered,17:32,0.26,False,worn,,,standing,household,home,with_family,indoor,walking,,,32.0,,532.0,0.2975,4,3,4
demo-p04,2026-05-10,ema-20260510-05-4b58c89088,4,semi_random,False,20:44,1244.0,7,ep-011,iv-012,,,,answered,20:45,1.37,False,worn,In a good mood right now while sitting.,offline_template,sitting,leisure,home,with_family,indoor,sitting,,,,,724.0,0.05,4,3,3
